,genre
1973,Dance/Electronic
1455,pop
1666,hip hop
558,pop
320,pop
858,Dance/Electronic
2624,rock
3677,hip hop
2276,country
1519,pop
2025,pop
796,R&B
102,country
2915,pop
236,pop
3492,pop
3240,pop
2708,pop
464,R&B
1450,Dance/Electronic
3618,hip hop
741,R&B
793,rock
1288,rock
2193,R&B
3225,pop
12,pop
1038,pop
583,Dance/Electronic
2150,Dance/Electronic
3667,rock
941,pop
2446,pop
991,R&B
3163,R&B
3522,pop
71,pop
36,pop
1116,hip hop
1523,hip hop
3703,hip hop
1465,rock
1208,hip hop
1864,R&B
9,pop
2133,hip hop
3694,R&B
3039,pop
1233,hip hop
2775,pop
450,R&B
3264,pop
3663,pop
859,hip hop
1941,pop
2126,pop
31,rock
2267,rock
2364,Dance/Electronic
2827,pop
318,R&B
2615,Dance/Electronic
74,hip hop
3315,pop
3338,pop
2877,pop
3061,pop
1793,pop
1129,World/Traditional
1418,hip hop
2702,hip hop
964,pop
1562,pop
3659,hip hop
2138,pop
3681,hip hop
3105,latin
1558,hip hop
3034,R&B
494,pop
2632,pop
2321,Dance/Electronic
1903,Dance/Electronic
3614,hip hop
1176,hip hop
3349,pop
1279,rock
2058,pop
1974,pop
823,latin
3102,pop
1056,pop
2506,hip hop
3231,pop
3558,Dance/Electronic
1512,R&B
512,pop
2791,pop
1111,pop
1920,pop
1403,metal
3475,pop
986,R&B
2420,pop
1554,pop
224,R&B
2973,pop
568,hip hop
1502,rock
1517,R&B
3114,hip hop
1269,country
2860,hip hop
1043,pop
3413,Dance/Electronic
534,pop
2972,pop
89,hip hop
577,Dance/Electronic
446,pop
2422,pop
3101,pop
914,metal
928,Dance/Electronic
1157,Dance/Electronic
1147,pop
772,pop
2713,Dance/Electronic
2525,hip hop
355,R&B
2147,Dance/Electronic
3130,Dance/Electronic
1274,rock
1196,hip hop
257,Dance/Electronic
275,Dance/Electronic
1055,hip hop
3532,rock
2017,hip hop
145,metal
899,rock
449,pop
762,pop
1539,pop
500,pop
2053,Dance/Electronic
868,hip hop
2785,pop
3269,rock
3385,Dance/Electronic
115,pop
2097,pop
2544,rock
2100,Dance/Electronic
2995,pop
1649,R&B
2690,hip hop
513,R&B
1774,pop
375,Folk/Acoustic
1048,hip hop
2643,pop
660,R&B
2717,pop
2417,pop
135,pop
2431,rock
1638,Dance/Electronic
924,R&B
456,pop
2666,hip hop
2903,pop
597,R&B
2533,pop
1195,hip hop
2563,pop
3254,hip hop
1081,R&B
405,pop
1448,Dance/Electronic
3396,hip hop
1273,pop
2312,hip hop
1236,metal
2152,Dance/Electronic
3524,hip hop
1393,pop
821,hip hop
323,pop
1809,Dance/Electronic
96,pop
3030,pop
1239,R&B
3060,hip hop
1224,Dance/Electronic
777,R&B
1158,hip hop
1104,rock
3562,pop
2614,pop
587,pop
809,R&B
3181,R&B
2238,hip hop
566,rock
2332,pop
3233,pop
3477,latin
2620,Folk/Acoustic
2505,pop
1037,hip hop
2531,Dance/Electronic
2834,Dance/Electronic
3258,hip hop
1596,pop
730,hip hop
195,pop
2062,hip hop
1431,R&B
1597,metal
590,hip hop
1896,hip hop
2641,country
679,hip hop
2870,pop
694,rock
840,R&B
2599,pop
3316,Dance/Electronic
3140,pop
2590,pop
1365,pop
349,hip hop
2367,hip hop
296,R&B
491,hip hop
1907,hip hop
2342,pop
3672,pop
178,R&B
2403,pop
1493,pop
458,pop
2004,hip hop
2229,Dance/Electronic
975,pop
2105,pop
2207,pop
3373,pop
3498,latin
1387,rock
938,R&B
164,rock
1237,hip hop
3037,pop
478,pop
1145,R&B
1959,pop
1513,hip hop
1024,pop
2402,pop
2030,pop
2363,pop
1623,Dance/Electronic
1280,metal
776,pop
155,R&B
1396,metal
1924,pop
2271,pop
3036,hip hop
2487,hip hop
1046,pop
1821,rock
444,pop
2851,pop
2742,pop
3697,hip hop
255,pop
504,pop
657,hip hop
689,Dance/Electronic
1645,R&B
3317,hip hop
1536,pop
2867,hip hop
2513,pop
2755,latin
1000,hip hop
535,rock
2806,pop
3302,hip hop
366,pop
2149,pop
1286,pop
1356,pop
1407,Dance/Electronic
637,pop
691,pop
2086,hip hop
2807,pop
3642,pop
3648,pop
615,pop
3307,pop
2464,pop
1205,pop
2673,pop
606,pop
3319,hip hop
2676,pop
2490,pop
173,rock
2946,pop
1092,hip hop
2568,pop
1094,R&B
1595,rock
233,hip hop
2246,pop
305,R&B
2247,hip hop
304,pop
3474,hip hop
2836,R&B
2279,pop
2059,World/Traditional
2269,rock
3563,pop
699,pop
1213,hip hop
1766,R&B
1702,R&B
2538,Dance/Electronic
2050,Dance/Electronic
1100,R&B
3482,hip hop
3021,hip hop
3364,Dance/Electronic
1979,pop
1159,pop
424,R&B
2449,pop
3595,pop
2140,pop
2820,Dance/Electronic
1152,pop
2822,hip hop
801,Dance/Electronic
1420,R&B
819,hip hop
1359,pop
1571,R&B
2507,pop
347,pop
706,rock
509,rock
1281,rock
2308,pop
76,R&B
447,pop
2838,rock
3353,pop
2637,pop
1569,hip hop
180,pop
1919,Dance/Electronic
589,metal
2215,pop
1985,hip hop
1391,pop
551,latin
2399,pop
3208,pop
3419,R&B
1899,pop
1550,hip hop
394,pop
2998,Dance/Electronic
1607,pop
2136,pop
1383,pop
2000,pop
3430,hip hop
3309,pop
2754,pop
3596,Dance/Electronic
2249,pop
3389,pop
2588,pop
695,metal
3207,R&B
3196,Dance/Electronic
3500,pop
1526,hip hop
2916,R&B
3661,pop
700,pop
2260,pop
345,R&B
2642,hip hop
681,hip hop
2766,pop
2639,pop
917,pop
1778,hip hop
2981,pop
1722,rock
1751,pop
2459,R&B
1742,pop
1940,R&B
3586,hip hop
1172,pop
1661,pop
441,pop
3407,R&B
627,metal
410,pop
2091,hip hop
421,R&B
3032,pop
1065,pop
3464,pop
2522,rock
1953,hip hop
3503,pop
969,R&B
1109,pop
396,pop
2411,pop
839,pop
1507,pop
1969,pop
2085,country
1882,R&B
2134,pop
1990,pop
2189,pop
3188,pop
966,hip hop
2862,pop
1802,hip hop
2305,hip hop
1912,hip hop
2699,hip hop
3156,hip hop
2315,pop
613,pop
919,pop
2770,pop
2993,R&B
553,metal
1693,R&B
802,pop
3637,hip hop
1675,Folk/Acoustic
996,hip hop
1949,hip hop
387,hip hop
4,country
415,Dance/Electronic
1716,latin
1307,pop
3020,R&B
2219,Dance/Electronic
2810,pop
44,pop
2228,pop
2831,pop
3042,Dance/Electronic
95,hip hop
542,pop
1337,pop
181,pop
1911,latin
987,hip hop
2783,pop
3062,pop
2073,pop
492,pop
109,pop
3301,pop
2856,hip hop
16,Dance/Electronic
2718,pop
3462,pop
528,rock
1001,pop
141,hip hop
1432,hip hop
1647,R&B
1016,rock
3481,pop
188,pop
575,pop
1970,R&B
1453,pop
369,metal
564,pop
2854,pop
2186,pop
321,pop
1320,R&B
3398,hip hop
1548,pop
86,R&B
770,latin
2226,hip hop
3334,hip hop
1881,pop
1141,pop
431,hip hop
1787,pop
3298,Dance/Electronic
1991,R&B
2809,pop
981,pop
1852,pop
1118,pop
2061,pop
3375,hip hop
2419,Dance/Electronic
571,pop
2798,pop
108,pop
1964,pop
2481,rock
514,hip hop
3526,R&B
2480,R&B
2294,Dance/Electronic
2166,pop
2911,Dance/Electronic
2325,hip hop
3534,Dance/Electronic
1472,pop
2478,Dance/Electronic
1351,pop
1127,pop
1287,R&B
2039,hip hop
2865,pop
1032,pop
3611,hip hop
2233,rock
3252,hip hop
1227,R&B
2663,Dance/Electronic
1680,hip hop
2730,Dance/Electronic
1851,R&B
731,hip hop
1877,metal
3668,pop
765,pop
890,pop
3571,latin
2528,pop
920,easy listening
246,hip hop
245,metal
317,pop
2537,pop
3329,hip hop
129,pop
1240,rock
3445,hip hop
254,hip hop
636,Folk/Acoustic
3108,Dance/Electronic
2180,pop
3277,pop
807,hip hop
1678,rock
1350,hip hop
1813,hip hop
976,hip hop
6,metal
2130,latin
2888,Dance/Electronic
3184,hip hop
308,Folk/Acoustic
1499,pop
2739,pop
2581,R&B
531,hip hop
1336,hip hop
3457,pop
63,country
2899,latin
379,latin
2517,pop
973,rock
1447,latin
663,hip hop
3645,pop
1436,metal
2457,hip hop
2927,pop
3164,pop
661,pop
2277,hip hop
3127,Dance/Electronic
185,Dance/Electronic
1737,R&B
2096,hip hop
2931,R&B
2868,pop
1308,pop
3321,Dance/Electronic
1604,pop
429,pop
863,hip hop
2871,Dance/Electronic
3580,pop
1073,pop
122,R&B
381,pop
1518,hip hop
3198,R&B
149,pop
287,pop
1572,pop
1528,pop
2498,hip hop
2433,hip hop
48,Dance/Electronic
1414,rock
3597,pop
216,pop
3168,hip hop
2849,R&B
3171,pop
2760,pop
3076,Dance/Electronic
1968,hip hop
2957,pop
3365,pop
2652,pop
3390,hip hop
2776,hip hop
419,hip hop
2857,pop
3137,hip hop
1957,pop
241,pop
3057,Dance/Electronic
1720,pop
625,pop
370,hip hop
2845,Dance/Electronic
1801,R&B
1107,pop
2941,pop
2288,hip hop
2546,pop
1444,pop
1326,pop
2767,pop
2763,Dance/Electronic
844,pop
2612,hip hop
2304,pop
607,R&B
2598,Dance/Electronic
3483,pop
2709,hip hop
3591,pop
1822,pop
1357,R&B
1482,Dance/Electronic
659,pop
3219,pop
3192,hip hop
670,R&B
1815,pop
1658,pop
1788,Dance/Electronic
978,hip hop
1763,pop
3567,hip hop
2285,Dance/Electronic
988,pop
1529,Dance/Electronic
2022,R&B
128,pop
300,Dance/Electronic
1902,pop
400,hip hop
1441,hip hop
215,pop
2685,hip hop
1986,pop
374,pop
1553,hip hop
2761,Dance/Electronic
2286,rock
332,hip hop
881,pop
1372,hip hop
250,pop
2013,hip hop
1327,R&B
1128,R&B
994,pop
1334,pop
2270,pop
1392,hip hop
1007,hip hop
1820,R&B
1174,pop
453,Dance/Electronic
2076,pop
2448,pop
210,Dance/Electronic
1410,pop
3555,hip hop
2169,rock
2668,Dance/Electronic
2500,Dance/Electronic
3083,pop
2217,Dance/Electronic
1490,pop
85,pop
3193,pop
1800,pop
972,pop
3257,rock
3313,pop
2027,pop
342,hip hop
591,pop
3161,hip hop
3630,pop
3550,pop
756,rock
1555,pop
1613,pop
962,hip hop
910,pop
3290,hip hop
3431,pop
2352,pop
2257,R&B
958,R&B
422,hip hop
2170,pop
2786,Dance/Electronic
3263,hip hop
2382,hip hop
64,pop
2875,rock
3100,Dance/Electronic
2388,hip hop
1289,pop
2074,pop
1564,pop
3081,pop
1409,R&B
692,hip hop
527,pop
632,rock
139,pop
1230,hip hop
2144,R&B
1926,hip hop
1547,pop
1704,pop
434,hip hop
569,pop
1207,R&B
951,pop
2999,rock
3592,R&B
3146,Dance/Electronic
3470,pop
875,rock
579,pop
1803,pop
2672,hip hop
244,rock
548,Folk/Acoustic
3199,pop
3699,pop
2543,Dance/Electronic
897,Dance/Electronic
635,R&B
582,pop
2343,hip hop
2949,R&B
3435,hip hop
1684,R&B
2355,Dance/Electronic
1654,hip hop
2978,Dance/Electronic
1090,rock
1257,pop
1209,pop
1987,R&B
815,hip hop
619,pop
979,pop
537,pop
3565,pop
887,R&B
982,R&B
2112,hip hop
3426,latin
565,R&B
701,rock
1332,pop
2296,R&B
3242,pop
2603,pop
3608,hip hop
963,pop
1051,pop
532,pop
3513,hip hop
2597,pop
182,R&B
785,R&B
1267,hip hop
3380,pop
2460,pop
1222,Dance/Electronic
2428,pop
2864,pop
42,Dance/Electronic
3226,Dance/Electronic
547,pop
1779,pop
2835,pop
552,rock
3685,hip hop
1446,pop
2719,latin
1197,pop
395,R&B
439,pop
806,Dance/Electronic
718,rock
3539,pop
1384,R&B
203,R&B
2009,pop
34,Folk/Acoustic
1770,hip hop
723,R&B
3148,Dance/Electronic
1849,Dance/Electronic
1030,pop
174,metal
2518,pop
1664,pop
3610,Dance/Electronic
2990,R&B
3510,pop
2491,pop
1020,pop
644,R&B
1249,pop
1335,R&B
2714,hip hop
1862,hip hop
84,R&B
336,R&B
3296,Dance/Electronic
667,R&B
926,pop
77,pop
628,pop
3627,pop
383,R&B
3357,R&B
3675,pop
792,pop
2661,pop
2793,Dance/Electronic
2502,pop
2826,pop
1805,pop
3162,pop
1186,R&B
536,metal
1731,hip hop
507,pop
207,Dance/Electronic
3124,rock
2191,hip hop
2020,hip hop
622,hip hop
2688,hip hop
3135,Dance/Electronic
392,pop
1248,pop
1083,pop
28,pop
2447,hip hop
1541,hip hop
2016,pop
3560,Dance/Electronic
228,hip hop
2187,Dance/Electronic
585,hip hop
1616,pop
789,pop
2469,pop
127,R&B
487,pop
1509,pop
2197,pop
2814,pop
1370,pop
3244,latin
550,pop
3574,Dance/Electronic
197,R&B
1473,pop
2869,Dance/Electronic
3286,latin
3653,hip hop
3064,pop
163,pop
2361,country
1388,metal
3038,hip hop
818,latin
1035,R&B
2703,pop
2727,pop
3443,pop
1879,pop
1292,pop
1950,pop
100,R&B
1652,hip hop
2475,pop
1466,pop
944,R&B
1006,R&B
953,hip hop
780,R&B
2306,pop
2114,hip hop
2434,pop
1181,hip hop
1980,R&B
172,pop
3071,hip hop
1156,pop
3372,hip hop
2326,pop
2167,hip hop
2492,pop
367,pop
475,pop
1749,R&B
2374,R&B
1299,Folk/Acoustic
791,hip hop
3234,hip hop
1284,pop
3189,Dance/Electronic
1021,hip hop
2300,hip hop
2863,hip hop
3086,pop
2669,hip hop
2575,Dance/Electronic
1120,rock
1099,pop
455,pop
2205,R&B
1411,pop
2988,hip hop
1841,rock
1402,rock
1422,hip hop
3056,pop
734,hip hop
1703,hip hop
633,metal
1708,hip hop
2360,pop
3126,pop
1477,R&B
1921,hip hop
2610,pop
2322,hip hop
2298,pop
2372,hip hop
3351,rock
3488,pop
1333,pop
1777,R&B
554,rock
3182,hip hop
1322,rock
810,rock
3393,hip hop
1027,Folk/Acoustic
2774,Dance/Electronic
2266,pop
2524,hip hop
795,pop
2265,rock
1543,R&B
3010,latin
1524,pop
2499,pop
2137,hip hop
151,pop
3620,hip hop
1164,pop
1003,rock
2756,pop
668,hip hop
3638,pop
376,pop
3155,Dance/Electronic
142,pop
1520,R&B
1012,hip hop
1311,rock
2445,pop
1425,hip hop
1829,Dance/Electronic
1755,hip hop
2314,hip hop
611,R&B
838,hip hop
3452,pop
3230,pop
2482,pop
1590,R&B
3195,pop
1415,metal
3013,hip hop
1101,pop
1234,hip hop
2723,Dance/Electronic
1937,pop
120,hip hop
227,R&B
261,R&B
2904,R&B
2348,pop
177,pop
2354,pop
1797,R&B
485,Dance/Electronic
2203,hip hop
1791,pop
814,R&B
705,hip hop
952,R&B
2715,pop
121,pop
2173,R&B
2323,pop
253,latin
140,R&B
218,rock
3543,R&B
3160,Dance/Electronic
3673,R&B
1,rock
2239,pop
1760,pop
1632,hip hop
2635,pop
2752,pop
3650,pop
3512,latin
2697,hip hop
2117,pop
3696,Dance/Electronic
1369,hip hop
2592,hip hop
3587,pop
2427,pop
573,hip hop
3176,pop
1503,hip hop
1812,R&B
1175,R&B
1858,country
1155,latin
1148,R&B
3201,Folk/Acoustic
1417,pop
3173,pop
3437,hip hop
2146,pop
3241,Dance/Electronic
1697,R&B
578,hip hop
3090,hip hop
2006,pop
416,hip hop
306,pop
2898,pop
3045,Dance/Electronic
2035,Dance/Electronic
3265,Folk/Acoustic
171,pop
2811,Dance/Electronic
2223,pop
760,pop
2429,pop
849,hip hop
3458,latin
1067,jazz
2250,R&B
1008,pop
1705,pop
2914,pop
2055,pop
3299,pop
152,R&B
922,hip hop
3554,pop
2432,pop
549,pop
3601,hip hop
1738,pop
711,hip hop
3073,Dance/Electronic
1769,R&B
3624,hip hop
479,rock
2230,hip hop
1429,hip hop
1834,pop
3691,World/Traditional
848,R&B
3553,pop
2328,pop
572,R&B
1617,Dance/Electronic
1842,metal
3170,Dance/Electronic
1745,hip hop
877,pop
1933,hip hop
1026,pop
1546,pop
3185,pop
2043,pop
378,pop
2828,pop
930,Dance/Electronic
1433,pop
2145,Dance/Electronic
1549,Dance/Electronic
3054,Dance/Electronic
1219,hip hop
1340,pop
2600,rock
3158,Dance/Electronic
1097,pop
2627,pop
143,rock
1581,pop
1256,hip hop
533,R&B
3051,pop
1389,pop
2473,pop
51,pop
2686,pop
2261,pop
2596,pop
2245,pop
1635,pop
1514,pop
1185,pop
1582,Dance/Electronic
286,pop
1833,Dance/Electronic
3453,pop
2340,Dance/Electronic
3029,rock
1243,pop
1362,pop
1271,country
1733,latin
1119,R&B
2728,Dance/Electronic
735,pop
3204,R&B
2971,hip hop
235,hip hop
1355,Dance/Electronic
238,Dance/Electronic
192,rock
2638,R&B
3222,rock
237,pop
1300,pop
2977,R&B
3049,hip hop
481,hip hop
2746,R&B
3387,Dance/Electronic
2452,hip hop
1375,hip hop
816,pop
3590,hip hop
3695,pop
586,pop
1601,metal
2463,Dance/Electronic
1187,hip hop
510,metal
921,jazz
269,pop
3043,rock
2377,Dance/Electronic
2113,pop
2734,pop
651,pop
630,pop
940,pop
647,metal
3270,pop
377,pop
1717,pop
850,pop
998,pop
1761,hip hop
2465,Dance/Electronic
277,metal
3169,pop
2353,rock
827,hip hop
2263,hip hop
2704,Dance/Electronic
581,hip hop
3091,pop
882,hip hop
2115,pop
403,pop
276,rock
2106,R&B
302,Dance/Electronic
3235,hip hop
3658,pop
3690,pop
3378,hip hop
1463,pop
200,Dance/Electronic
1323,pop
3314,R&B
32,metal
3391,pop
1887,pop
3499,hip hop
1611,pop
2157,hip hop
61,hip hop
1462,hip hop
2209,hip hop
1039,hip hop
2737,rock
1576,R&B
2922,R&B
757,pop
3489,hip hop
1923,hip hop
232,metal
3,pop
49,hip hop
1212,pop
3340,pop
3259,hip hop
1901,pop
3291,hip hop
3686,pop
1474,pop
2237,R&B
3206,pop
1855,R&B
341,Dance/Electronic
3607,pop
1173,R&B
2628,R&B
3444,pop
781,metal
2008,hip hop
1471,pop
1783,hip hop
2281,hip hop
3333,pop
3274,pop
2183,pop
3432,Dance/Electronic
2542,pop
2078,pop
1363,pop
1302,pop
3284,pop
874,rock
1377,rock
2908,hip hop
2371,Dance/Electronic
1856,pop
501,hip hop
2108,pop
2212,hip hop
472,Dance/Electronic
2222,hip hop
1531,pop
189,latin
33,rock
138,metal
2243,pop
1366,hip hop
291,R&B
3548,hip hop
1600,rock
3297,pop
3339,hip hop
1344,pop
3001,pop
2015,hip hop
1775,R&B
2553,pop
294,hip hop
3561,pop
2494,Dance/Electronic
1866,R&B
2046,pop
3416,R&B
2307,Dance/Electronic
1456,rock
738,R&B
3427,hip hop
2198,hip hop
1060,R&B
3166,pop
3327,pop
2044,R&B
1811,pop
2562,hip hop
1625,pop
1599,R&B
2555,hip hop
1689,hip hop
2435,Dance/Electronic
3417,hip hop
90,pop
2450,country
1867,pop
545,pop
1143,pop
380,rock
2797,pop
2119,pop
2963,pop
2557,hip hop
462,rock
869,pop
1872,rock
2179,hip hop
933,hip hop
348,R&B
853,Dance/Electronic
1317,R&B
2005,pop
413,pop
29,pop
2743,Dance/Electronic
2227,hip hop
1758,pop
52,R&B
2653,pop
1252,rock
3541,pop
948,R&B
2109,R&B
2071,pop
2591,country
3379,pop
3246,pop
1707,R&B
80,R&B
3363,pop
3439,hip hop
3441,pop
1648,pop
1996,pop
560,pop
1220,pop
1150,R&B
1710,Dance/Electronic
344,pop
1050,rock
2375,pop
1527,pop
3279,R&B
2962,pop
25,pop
617,blues
3285,pop
131,rock
1768,pop
1828,pop
2681,pop
3144,hip hop
359,rock
281,pop
3152,pop
3598,Dance/Electronic
3350,Dance/Electronic
2758,hip hop
3022,pop
176,hip hop
3651,R&B
720,hip hop
1614,rock
1137,metal
1419,pop
2380,rock
1108,R&B
3381,Dance/Electronic
1399,pop
3566,Dance/Electronic
208,metal
557,pop
3268,Dance/Electronic
1412,R&B
3256,hip hop
934,pop
3007,pop
3602,pop
925,hip hop
529,pop
3011,pop
3121,pop
945,pop
3318,pop
614,pop
3538,Dance/Electronic
2199,pop
1608,hip hop
2474,pop
1540,pop
2550,pop
270,R&B
2839,Dance/Electronic
3570,hip hop
2657,hip hop
2188,hip hop
2532,hip hop
2319,hip hop
2529,pop
2565,pop
3633,hip hop
2609,hip hop
168,pop
2631,hip hop
3106,Dance/Electronic
2619,rock
266,R&B
3612,pop
626,rock
1216,pop
600,hip hop
3018,Dance/Electronic
2825,pop
483,R&B
187,hip hop
2232,Dance/Electronic
372,R&B
2132,Dance/Electronic
2526,pop
2408,rock
1886,pop
3410,hip hop
3113,pop
1579,pop
1622,rock
2662,pop
1460,rock
1452,rock
2470,hip hop
3348,pop
499,rock
1454,rock
1577,rock
1339,hip hop
3308,hip hop
1942,Dance/Electronic
2689,pop
1847,hip hop
125,latin
1029,hip hop
2969,hip hop
118,pop
2692,pop
2937,R&B
604,R&B
2608,pop
1740,hip hop
2479,pop
2883,pop
746,hip hop
55,pop
2329,pop
104,rock
1068,hip hop
2357,pop
79,pop
866,pop
3631,pop
2231,pop
2633,pop
965,hip hop
2921,pop
134,R&B
2991,hip hop
2333,R&B
137,rock
755,R&B
2832,hip hop
3276,Dance/Electronic
467,hip hop
1691,hip hop
968,pop
2551,Dance/Electronic
3414,hip hop
1114,rock
2066,pop
751,pop
610,pop
2872,hip hop
386,hip hop
2236,pop
1956,hip hop
495,pop
2772,pop
3175,Dance/Electronic
1470,hip hop
1501,Dance/Electronic
1312,rock
2401,hip hop
390,pop
2974,Dance/Electronic
1475,hip hop
2392,rock
1952,pop
2107,hip hop
242,pop
3625,pop
497,R&B
2438,pop
2967,pop
212,hip hop
685,pop
1106,hip hop
3549,hip hop
470,pop
3425,pop
1260,pop
3394,pop
864,pop
1714,hip hop
1059,pop
3050,pop
1438,pop
2161,rock
1057,R&B
892,pop
1756,pop
1875,pop
753,metal
2815,R&B
2504,hip hop
65,R&B
3374,R&B
1041,pop
3304,Dance/Electronic
813,pop
828,pop
747,pop
1765,pop
3632,hip hop
3004,pop
3092,Dance/Electronic
3491,hip hop
7,pop
3688,pop
3518,rock
340,pop
3360,hip hop
1736,pop
3047,pop
773,pop
943,pop
959,pop
3698,pop
1692,pop
1045,hip hop
1997,rock
2385,hip hop
3615,pop
2080,pop
2410,pop
713,R&B
101,pop
1246,pop
1115,pop
1552,R&B
686,R&B
2171,pop
1481,country
3376,hip hop
1325,hip hop
1343,Dance/Electronic
3089,pop
1238,pop
1630,pop
857,pop
162,pop
1545,pop
1266,R&B
353,hip hop
388,pop
2176,pop
3641,pop
3551,pop
2214,R&B
21,pop
2722,pop
2331,hip hop
764,hip hop
1560,hip hop
623,pop
35,easy listening
3310,pop
2813,hip hop
1358,hip hop
1999,hip hop
3006,pop
1772,rock
126,pop
1556,pop
2054,hip hop
675,pop
2801,pop
3138,pop
3623,pop
2960,Folk/Acoustic
609,hip hop
3120,Dance/Electronic
1139,latin
3383,hip hop
3568,pop
2602,hip hop
2466,pop
2029,hip hop
799,R&B
1253,country
1178,pop
2753,pop
2011,pop
393,hip hop
1588,R&B
2442,pop
2889,pop
2190,R&B
165,metal
640,pop
1316,pop
2885,pop
3589,hip hop
2317,hip hop
183,hip hop
3008,Dance/Electronic
2926,hip hop
67,latin
3253,Dance/Electronic
3535,hip hop
2748,pop
3326,hip hop
1830,rock
3203,pop
124,blues
749,rock
1808,pop
1134,pop
1534,pop
876,hip hop
3582,Dance/Electronic
2771,Dance/Electronic
3520,Dance/Electronic
3508,Dance/Electronic
1133,country
2677,R&B
595,hip hop
1328,pop
3386,pop
1584,rock
2235,hip hop
2178,pop
326,hip hop
1669,pop
743,rock
1694,pop
1229,Dance/Electronic
3214,pop
2488,Dance/Electronic
883,metal
2724,pop
2393,pop
3128,hip hop
1686,pop
3519,pop
3671,hip hop
2959,pop
11,hip hop
3238,pop
3422,pop
3460,Dance/Electronic
2735,Dance/Electronic
289,hip hop
2799,pop
292,hip hop
3098,pop
1629,hip hop
3343,pop
2489,hip hop
437,R&B
3486,pop
3063,Dance/Electronic
358,R&B
1729,pop
2462,pop
833,pop
1390,hip hop
2582,hip hop
2955,Dance/Electronic
397,rock
2351,hip hop
3674,latin
411,R&B
3448,pop
3487,hip hop
680,pop
1948,R&B
3369,Dance/Electronic
3693,pop
739,hip hop
2558,pop
3471,hip hop
2210,pop
1421,rock
1698,pop
1676,pop
231,rock
1151,hip hop
1725,hip hop
13,rock
2896,R&B
2777,pop
222,hip hop
1992,hip hop
293,pop
798,pop
1936,hip hop
950,hip hop
832,latin
1955,R&B
1047,R&B
1385,hip hop
1442,pop
3305,hip hop
430,Dance/Electronic
2309,Dance/Electronic
3177,rock
2493,Dance/Electronic
1319,pop
2406,pop
1449,pop
521,pop
283,hip hop
697,pop
2773,pop
1643,hip hop
593,pop
2907,pop
1034,pop
1265,pop
1764,Dance/Electronic
906,pop
2337,metal
2841,pop
1135,R&B
1663,rock
440,R&B
1905,hip hop
1960,Dance/Electronic
714,hip hop
3002,Dance/Electronic
787,metal
3635,Dance/Electronic
3404,pop
1878,hip hop
1683,pop
1754,metal
2397,pop
612,pop
2784,pop
1002,pop
1476,pop
829,hip hop
2293,pop
316,Dance/Electronic
1642,Dance/Electronic
3455,rock
445,R&B
1089,metal
2072,rock
1723,pop
1984,Dance/Electronic
1621,pop
2917,hip hop
1640,pop
3647,hip hop
1651,rock
690,hip hop
2373,pop
1345,Dance/Electronic
733,R&B
1752,Dance/Electronic
3399,Dance/Electronic
1559,pop
243,R&B
3292,pop
1154,pop
1329,pop
1491,pop
2256,pop
2346,hip hop
2874,R&B
3605,hip hop
1538,hip hop
1250,hip hop
1982,latin
2389,pop
3478,pop
3678,pop
3345,pop
2456,R&B
631,R&B
111,hip hop
3237,hip hop
784,pop
2458,pop
2495,pop
191,latin
3248,hip hop
1701,pop
1587,pop
1069,pop
949,hip hop
1962,pop
1061,hip hop
763,pop
161,R&B
3454,Dance/Electronic
1278,pop
1626,rock
454,hip hop
2056,R&B
3218,pop
2104,hip hop
2989,pop
3131,rock
2622,hip hop
148,pop
1695,R&B
1193,pop
2992,pop
1894,pop
2701,Dance/Electronic
3288,hip hop
1005,pop
1162,pop
2453,pop
3540,Dance/Electronic
117,hip hop
56,hip hop
2796,Dance/Electronic
2497,pop
1641,rock
841,hip hop
831,pop
3362,pop
259,hip hop
1994,R&B
3418,pop
1609,hip hop
2349,hip hop
3412,pop
169,R&B
1656,R&B
3546,R&B
1662,R&B
1040,pop
3626,hip hop
2182,hip hop
3359,Dance/Electronic
1773,hip hop
1062,hip hop
1255,R&B
1963,hip hop
2258,pop
1379,hip hop
2859,pop
758,pop
2154,pop
1492,rock
1918,pop
2510,pop
854,hip hop
974,hip hop
2852,pop
457,rock
1639,Dance/Electronic
1165,hip hop
3323,Dance/Electronic
929,hip hop
676,hip hop
81,R&B
417,pop
1530,hip hop
1906,pop
1247,hip hop
73,hip hop
1592,pop
87,pop
2943,hip hop
166,pop
2124,pop
1976,pop
1131,rock
3446,pop
1198,pop
1042,R&B
1296,R&B
158,pop
2484,pop
684,hip hop
471,pop
420,pop
3028,R&B
114,pop
3600,pop
133,pop
1537,pop
303,hip hop
2636,hip hop
658,hip hop
2095,pop
3096,hip hop
2611,R&B
2088,pop
1995,hip hop
605,hip hop
1784,pop
2024,R&B
412,metal
3271,latin
901,pop
319,rock
2979,pop
3245,hip hop
334,R&B
2593,pop
2623,pop
873,World/Traditional
112,pop
2897,hip hop
1728,hip hop
3640,Dance/Electronic
2630,pop
2655,Dance/Electronic
2621,pop
1928,hip hop
2131,pop
2650,pop
213,pop
1895,Dance/Electronic
1762,hip hop
1922,pop
1865,pop
1086,pop
3046,hip hop
2082,pop
3336,pop
1364,hip hop
2935,hip hop
576,pop
3358,pop
123,rock
1297,World/Traditional
1511,pop
3490,pop
3515,pop
3330,pop
3074,hip hop
3588,Dance/Electronic
2892,pop
225,hip hop
1954,pop
1759,hip hop
488,R&B
3657,Dance/Electronic
2436,pop
980,R&B
482,pop
1515,R&B
68,pop
1331,pop
900,Dance/Electronic
1217,R&B
3216,pop
674,Dance/Electronic
2682,hip hop
2386,pop
2918,pop
654,hip hop
2472,R&B
282,rock
3436,pop
1785,hip hop
2184,pop
2906,Dance/Electronic
2762,pop
1944,pop
1341,latin
1816,hip hop
1667,pop
2878,Dance/Electronic
426,hip hop
2125,Dance/Electronic
822,pop
902,R&B
673,pop
836,rock
2023,pop
1290,pop
2994,hip hop
2413,pop
461,R&B
2291,pop
110,R&B
3134,pop
1009,hip hop
884,hip hop
2202,Dance/Electronic
725,pop
1251,pop
1938,hip hop
3283,hip hop
2444,rock
3529,Dance/Electronic
1839,Dance/Electronic
2566,pop
1071,R&B
634,rock
3341,R&B
2063,hip hop
935,pop
2567,rock
3275,pop
1070,pop
2254,R&B
1848,pop
2196,hip hop
1818,hip hop
1244,R&B
2572,Dance/Electronic
2036,Dance/Electronic
2001,pop
3557,pop
3429,hip hop
477,pop
1082,hip hop
891,hip hop
3027,pop
771,hip hop
3103,Dance/Electronic
3485,pop
2817,rock
339,rock
2656,pop
247,pop
3400,rock
1434,R&B
2938,hip hop
895,pop
649,R&B
3622,latin
2283,R&B
2272,R&B
2932,pop
696,hip hop
265,pop
2787,pop
1884,rock
337,Dance/Electronic
1285,rock
211,pop
1744,pop
1496,pop
1023,hip hop
983,hip hop
3104,pop
2175,hip hop
1836,pop
3660,Dance/Electronic
1845,hip hop
748,R&B
3473,Dance/Electronic
2404,hip hop
1478,pop
830,pop
3311,pop
1782,Dance/Electronic
258,hip hop
1891,pop
2966,hip hop
3521,easy listening
1854,pop
2019,R&B
2595,hip hop
2310,hip hop
1211,hip hop
3594,pop
1870,pop
502,pop
3456,pop
1479,pop
2523,pop
603,pop
3119,pop
641,Dance/Electronic
0,pop
3236,pop
1087,R&B
2664,pop
2952,pop
3084,R&B
3484,Dance/Electronic
2320,pop
154,hip hop
1199,pop
2594,Dance/Electronic
1863,pop
2297,hip hop
3320,pop
761,R&B
3087,Dance/Electronic
1700,hip hop
263,R&B
1975,hip hop
3066,pop
862,R&B
524,easy listening
363,hip hop
1167,latin
1988,pop
3194,R&B
956,rock
278,hip hop
1798,pop
1318,hip hop
837,metal
333,pop
2930,pop
2855,Dance/Electronic
2454,R&B
356,rock
2541,Dance/Electronic
2847,pop
708,hip hop
486,pop
1166,pop
2585,pop
2366,Dance/Electronic
3180,pop
3082,hip hop
3523,Dance/Electronic
279,pop
3544,hip hop
977,pop
915,hip hop
3533,pop
1817,pop
2511,Dance/Electronic
3300,Dance/Electronic
2687,Dance/Electronic
1192,pop
3670,Dance/Electronic
1386,pop
992,latin
2580,pop
2649,pop
391,R&B
3202,hip hop
1206,pop
428,pop
66,pop
1890,pop
1929,pop
214,R&B
1679,pop
60,Dance/Electronic
794,hip hop
354,pop
947,pop
2335,Dance/Electronic
2284,pop
2255,rock
98,R&B
147,R&B
330,R&B
1685,easy listening
3434,Dance/Electronic
1483,hip hop
1610,pop
2745,pop
205,R&B
1261,R&B
418,R&B
58,R&B
1188,pop
1535,hip hop
3537,pop
2313,pop
2985,pop
1049,pop
1036,hip hop
2339,pop
2221,Dance/Electronic
2830,pop
2759,pop
3179,hip hop
19,pop
916,hip hop
272,pop
1883,Folk/Acoustic
1603,hip hop
2037,pop
3015,R&B
313,pop
1126,R&B
3428,pop
851,hip hop
2781,rock
3656,pop
1354,pop
1075,pop
1551,pop
1910,Dance/Electronic
3110,pop
2891,hip hop
1781,pop
2665,Dance/Electronic
997,hip hop
872,pop
563,hip hop
2026,hip hop
2712,pop
2886,Dance/Electronic
1125,pop
1226,pop
2211,R&B
24,hip hop
1915,hip hop
1315,pop
3255,pop
3403,Dance/Electronic
3003,pop
2031,hip hop
878,hip hop
175,pop
1861,rock
1958,hip hop
2440,Dance/Electronic
672,Dance/Electronic
2536,hip hop
325,pop
2788,Dance/Electronic
1565,pop
3212,latin
1594,pop
1859,pop
240,R&B
3367,pop
2729,hip hop
520,hip hop
2913,pop
97,R&B
1485,R&B
3111,R&B
2970,pop
3048,rock
3331,pop
3420,latin
2400,Dance/Electronic
2545,pop
2075,R&B
2387,R&B
307,World/Traditional
196,pop
3139,R&B
984,pop
373,hip hop
2698,pop
3384,pop
561,hip hop
2929,Dance/Electronic
156,pop
299,latin
1730,pop
3024,pop
687,rock
3496,pop
2345,R&B
1102,rock
2516,rock
3619,hip hop
2512,hip hop
3599,hip hop
2519,Dance/Electronic
653,pop
1533,hip hop
1573,pop
2048,Dance/Electronic
88,latin
2242,pop
1880,pop
786,rock
1544,hip hop
3662,pop
2574,pop
3377,pop
3463,Dance/Electronic
1084,pop
1618,pop
1819,pop
2679,pop
1715,pop
2347,pop
186,pop
3312,hip hop
343,pop
3575,pop
368,rock
1031,R&B
1578,metal
3643,latin
144,pop
1305,World/Traditional
752,rock
1303,pop
1221,R&B
264,hip hop
2824,hip hop
2120,Dance/Electronic
260,pop
1699,R&B
2047,pop
3159,pop
2738,Dance/Electronic
559,hip hop
389,hip hop
2805,rock
132,Dance/Electronic
525,pop
1353,Dance/Electronic
1850,pop
1673,Dance/Electronic
3151,R&B
146,pop
3149,hip hop
17,pop
662,R&B
1019,hip hop
401,pop
3604,pop
1971,hip hop
3572,rock
1735,R&B
3517,pop
616,rock
107,Dance/Electronic
1488,pop
1146,hip hop
1360,R&B
1668,R&B
2007,Dance/Electronic
1767,hip hop
3322,pop
971,hip hop
360,metal
1025,R&B
1215,R&B
357,pop
1853,hip hop
463,pop
2159,rock
432,pop
1525,R&B
2607,Dance/Electronic
2942,pop
1832,pop
2589,Dance/Electronic
985,pop
2634,pop
562,pop
2084,Dance/Electronic
2683,pop
3147,pop
2711,hip hop
83,pop
2201,pop
1844,R&B
937,pop
797,pop
2948,pop
2693,rock
1201,metal
2362,latin
285,R&B
2032,pop
1130,rock
2549,Dance/Electronic
1688,pop
1352,pop
643,pop
2160,metal
1672,R&B
113,R&B
519,pop
1435,rock
1568,pop
2356,hip hop
3628,pop
3676,Dance/Electronic
1674,pop
2789,pop
2866,Dance/Electronic
960,pop
3700,hip hop
3078,pop
885,pop
912,pop
664,pop
3449,pop
1017,hip hop
2127,Dance/Electronic
2093,Dance/Electronic
3109,hip hop
2508,hip hop
2670,pop
3497,pop
2802,R&B
2790,rock
2327,Dance/Electronic
2521,pop
5,rock
1567,hip hop
2185,Dance/Electronic
3167,R&B
324,R&B
2573,hip hop
805,R&B
1945,R&B
221,R&B
2128,hip hop
167,Folk/Acoustic
820,pop
2467,pop
2338,pop
94,R&B
75,pop
2416,hip hop
1606,R&B
436,pop
1121,pop
1190,R&B
3480,hip hop
15,R&B
2081,pop
3099,pop
3528,pop
861,pop
3280,hip hop
3272,hip hop
3606,hip hop
2034,pop
1505,hip hop
310,country
1401,R&B
2902,hip hop
3107,pop
2890,Dance/Electronic
93,pop
1823,Dance/Electronic
476,hip hop
803,R&B
879,pop
1989,hip hop
474,pop
160,pop
2476,Dance/Electronic
3247,Dance/Electronic
2248,pop
1022,pop
2299,Dance/Electronic
1468,pop
1711,hip hop
845,R&B
2378,pop
1542,pop
3123,hip hop
2707,latin
2749,Dance/Electronic
1930,R&B
511,hip hop
2204,pop
2710,pop
3342,pop
1177,hip hop
2391,pop
955,pop
1914,R&B
1892,Dance/Electronic
523,rock
1869,R&B
1437,rock
567,pop
3395,Dance/Electronic
1161,hip hop
346,hip hop
3187,rock
2744,hip hop
923,pop
860,hip hop
1655,pop
1018,pop
1739,Dance/Electronic
1807,hip hop
489,pop
130,pop
209,pop
338,pop
2206,hip hop
1443,R&B
1873,pop
1400,pop
2379,R&B
1605,pop
2344,pop
2909,Dance/Electronic
3324,pop
3068,Dance/Electronic
3476,Dance/Electronic
3055,hip hop
1972,pop
423,pop
896,R&B
2984,Dance/Electronic
546,metal
2577,hip hop
2369,hip hop
835,Dance/Electronic
1346,pop
3687,rock
693,pop
3511,R&B
38,pop
1013,hip hop
3025,pop
1939,pop
1977,R&B
2933,pop
704,R&B
740,pop
3070,Dance/Electronic
136,pop
842,pop
2578,pop
1088,rock
3609,latin
3502,latin
3053,pop
1076,hip hop
230,R&B
3224,Dance/Electronic
2390,Dance/Electronic
3466,pop
365,R&B
3366,Dance/Electronic
1200,rock
790,pop
442,Dance/Electronic
2803,pop
153,pop
3547,hip hop
2629,pop
484,pop
2423,Dance/Electronic
3680,latin
2953,pop
2311,pop
2678,Dance/Electronic
3088,pop
1144,R&B
3332,rock
639,R&B
3067,Dance/Electronic
3649,latin
2895,pop
39,Dance/Electronic
1615,metal
1780,Dance/Electronic
584,hip hop
1732,pop
54,R&B
1522,R&B
1183,R&B
3408,pop
3361,pop
414,pop
315,pop
1627,blues
490,hip hop
3213,pop
517,pop
3578,pop
1138,pop
402,R&B
1170,hip hop
2437,R&B
3701,country
1799,pop
3041,pop
1665,rock
3294,pop
768,metal
2241,hip hop
498,pop
2486,pop
3684,Dance/Electronic
2070,hip hop
103,Folk/Acoustic
2716,hip hop
1105,metal
648,pop
2613,Dance/Electronic
1132,pop
1298,pop
824,pop
3287,hip hop
1122,World/Traditional
2583,pop
2101,hip hop
2002,Dance/Electronic
1917,R&B
47,Dance/Electronic
2954,pop
1532,R&B
2455,pop
1301,rock
1124,Folk/Acoustic
3145,pop
69,R&B
2691,pop
1846,pop
3355,pop
2041,R&B
3094,rock
2038,Dance/Electronic
2060,rock
2018,pop
1204,R&B
703,pop
206,pop
2224,hip hop
1272,rock
750,pop
1757,hip hop
288,pop
2606,pop
1612,rock
1348,pop
1291,pop
1908,pop
2873,pop
3172,Dance/Electronic
2842,Dance/Electronic
596,pop
468,pop
3337,Dance/Electronic
3669,pop
1347,hip hop
385,pop
2302,R&B
2135,pop
1113,pop
3282,Dance/Electronic
544,rock
1304,R&B
2740,hip hop
1294,hip hop
361,pop
3079,Dance/Electronic
3525,pop
1900,R&B
1498,hip hop
2695,pop
2958,hip hop
1727,hip hop
1935,rock
2121,hip hop
408,metal
2155,pop
1934,pop
642,hip hop
1074,hip hop
769,pop
3097,pop
2052,rock
425,pop
2654,R&B
650,hip hop
2141,latin
1439,rock
2021,pop
2365,pop
1497,pop
2290,hip hop
812,pop
1445,R&B
3260,pop
737,pop
2571,pop
1951,hip hop
1966,pop
1426,pop
932,pop
1293,pop
273,R&B
911,R&B
311,pop
1405,hip hop
2601,pop
2705,hip hop
2087,pop
1718,pop
1712,pop
3221,pop
1753,rock
116,rock
1430,pop
1690,pop
1824,pop
808,pop
954,pop
2884,hip hop
3306,pop
1814,pop
3197,pop
105,pop
1380,pop
2782,pop
223,pop
2823,pop
199,pop
2905,pop
1063,pop
1557,R&B
295,pop
3552,Dance/Electronic
2618,pop
2821,pop
2887,pop
2216,Dance/Electronic
2301,pop
409,hip hop
248,R&B
3542,pop
3227,hip hop
465,hip hop
3472,pop
2947,R&B
3065,pop
3069,pop
1103,metal
2164,Dance/Electronic
3415,pop
1202,hip hop
852,pop
715,pop
3371,Dance/Electronic
2768,Dance/Electronic
538,rock
1394,R&B
2425,hip hop
1487,pop
515,pop
1338,R&B
656,R&B
2552,hip hop
1254,pop
26,R&B
778,hip hop
1650,pop
993,hip hop
3467,hip hop
3459,pop
3479,hip hop
3545,pop
2273,pop
1232,R&B
3556,Dance/Electronic
2696,R&B
1064,R&B
1072,hip hop
335,pop
2923,rock
2778,Dance/Electronic
598,rock
433,R&B
1746,pop
1687,R&B
3507,Dance/Electronic
1214,pop
3401,hip hop
2584,R&B
466,pop
666,pop
106,easy listening
59,pop
184,pop
539,rock
2535,pop
427,pop
2757,Dance/Electronic
621,R&B
2795,pop
1015,pop
219,metal
2515,pop
1095,rock
3514,pop
2646,pop
2936,pop
2983,pop
1868,pop
1913,pop
2083,pop
1826,rock
404,Dance/Electronic
1295,pop
1457,metal
438,hip hop
518,pop
2750,Dance/Electronic
1349,R&B
618,hip hop
327,pop
1671,pop
3112,pop
995,R&B
1464,R&B
1112,R&B
351,rock
1427,pop
328,R&B
1713,pop
939,hip hop
1561,pop
1263,pop
2726,pop
2414,Dance/Electronic
1310,pop
1123,pop
2194,pop
1633,Dance/Electronic
3679,R&B
1792,hip hop
3461,pop
384,hip hop
202,pop
2181,R&B
1810,hip hop
1838,pop
2341,hip hop
2094,pop
1423,pop
2148,hip hop
1709,pop
2316,Dance/Electronic
775,pop
1245,hip hop
2928,pop
2168,pop
3228,pop
57,pop
3229,hip hop
3186,pop
1330,R&B
870,R&B
3031,pop
1835,hip hop
2468,R&B
1306,rock
2667,pop
448,hip hop
2274,pop
443,hip hop
3223,hip hop
506,hip hop
2103,Dance/Electronic
898,pop
229,pop
2395,pop
3423,latin
3249,pop
2605,hip hop
3118,pop
505,rock
297,hip hop
1734,pop
1033,hip hop
